-- MySQL dump 10.13  Distrib 5.7.33, for Linux (x86_64)
--
-- Host: localhost    Database: music
-- ------------------------------------------------------
-- Server version	5.7.33

/*!40101 SET @OLD_CHARACTER_SET_CLIENT=@@CHARACTER_SET_CLIENT */;
/*!40101 SET @OLD_CHARACTER_SET_RESULTS=@@CHARACTER_SET_RESULTS */;
/*!40101 SET @OLD_COLLATION_CONNECTION=@@COLLATION_CONNECTION */;
/*!40101 SET NAMES utf8 */;
/*!40103 SET @OLD_TIME_ZONE=@@TIME_ZONE */;
/*!40103 SET TIME_ZONE='+00:00' */;
/*!40014 SET @OLD_UNIQUE_CHECKS=@@UNIQUE_CHECKS, UNIQUE_CHECKS=0 */;
/*!40014 SET @OLD_FOREIGN_KEY_CHECKS=@@FOREIGN_KEY_CHECKS, FOREIGN_KEY_CHECKS=0 */;
/*!40101 SET @OLD_SQL_MODE=@@SQL_MODE, SQL_MODE='NO_AUTO_VALUE_ON_ZERO' */;
/*!40111 SET @OLD_SQL_NOTES=@@SQL_NOTES, SQL_NOTES=0 */;

--
-- Table structure for table `collection`
--

DROP TABLE IF EXISTS `collection`;
/*!40101 SET @saved_cs_client     = @@character_set_client */;
/*!40101 SET character_set_client = utf8 */;
CREATE TABLE `collection` (
  `uid` int(11) NOT NULL,
  `mid` int(11) NOT NULL,
  `ctime` datetime DEFAULT NULL,
  PRIMARY KEY (`uid`,`mid`),
  KEY `mid` (`mid`),
  CONSTRAINT `collection_ibfk_1` FOREIGN KEY (`uid`) REFERENCES `user` (`uid`),
  CONSTRAINT `collection_ibfk_2` FOREIGN KEY (`mid`) REFERENCES `music` (`mid`)
) ENGINE=InnoDB DEFAULT CHARSET=utf8;
/*!40101 SET character_set_client = @saved_cs_client */;

--
-- Dumping data for table `collection`
--

LOCK TABLES `collection` WRITE;
/*!40000 ALTER TABLE `collection` DISABLE KEYS */;
INSERT INTO `collection` VALUES (13,1,'2022-06-24 20:09:43'),(13,3,'2022-06-24 19:44:19'),(14,2,'2022-06-26 21:12:45'),(14,8,'2022-06-26 20:29:06'),(17,2,'2022-06-26 21:14:54'),(18,2,'2022-06-26 21:17:51'),(23,21,'2022-06-26 21:23:40'),(26,2,'2022-06-26 21:51:51'),(27,1,'2022-06-29 09:34:20');
/*!40000 ALTER TABLE `collection` ENABLE KEYS */;
UNLOCK TABLES;

--
-- Table structure for table `comment`
--

DROP TABLE IF EXISTS `comment`;
/*!40101 SET @saved_cs_client     = @@character_set_client */;
/*!40101 SET character_set_client = utf8 */;
CREATE TABLE `comment` (
  `uid` int(11) NOT NULL,
  `mid` int(11) NOT NULL,
  `cscore` int(11) DEFAULT NULL,
  `comments` text,
  `time` datetime DEFAULT NULL,
  KEY `mid` (`mid`)
) ENGINE=InnoDB DEFAULT CHARSET=utf8;
/*!40101 SET character_set_client = @saved_cs_client */;

--
-- Dumping data for table `comment`
--

LOCK TABLES `comment` WRITE;
/*!40000 ALTER TABLE `comment` DISABLE KEYS */;
INSERT INTO `comment` VALUES (12,2,5,'好听5','2022-06-24 16:46:53'),(12,2,5,'好听5','2022-06-24 16:46:58'),(13,4,4,'5464','2022-06-24 19:43:29'),(13,3,1,'65464','2022-06-24 19:44:03'),(13,3,4,'高压胶管话剧','2022-06-24 19:52:39'),(13,30,3,'3','2022-06-24 20:04:37'),(17,2,4,'56','2022-06-24 23:07:50'),(14,8,5,'好听','2022-06-26 20:29:35'),(14,7,4,'好听！！','2022-06-26 20:40:01'),(23,21,5,'太好听了吧！！！！','2022-06-26 21:20:41'),(23,21,5,'太好听了吧！！！！','2022-06-26 21:21:08'),(23,21,5,'太好听了','2022-06-26 21:21:52'),(25,20,5,'。。。。。','2022-06-26 21:29:40'),(25,20,5,'。。。。','2022-06-26 21:30:26'),(25,20,5,'。。。。','2022-06-26 21:30:39'),(25,20,3,'好听','2022-06-26 21:31:11'),(26,7,5,'好听','2022-06-26 21:39:53'),(26,7,5,'好听','2022-06-26 21:40:11'),(26,2,4,'好听','2022-06-26 21:52:41');
/*!40000 ALTER TABLE `comment` ENABLE KEYS */;
UNLOCK TABLES;

--
-- Table structure for table `manager`
--

DROP TABLE IF EXISTS `manager`;
/*!40101 SET @saved_cs_client     = @@character_set_client */;
/*!40101 SET character_set_client = utf8 */;
CREATE TABLE `manager` (
  `opid` int(11) NOT NULL AUTO_INCREMENT,
  `passwd` varchar(10) DEFAULT NULL,
  `mname` varchar(20) DEFAULT NULL,
  `icon` varchar(20) DEFAULT NULL,
  PRIMARY KEY (`opid`)
) ENGINE=InnoDB AUTO_INCREMENT=667 DEFAULT CHARSET=utf8;
/*!40101 SET character_set_client = @saved_cs_client */;

--
-- Dumping data for table `manager`
--

LOCK TABLES `manager` WRITE;
/*!40000 ALTER TABLE `manager` DISABLE KEYS */;
INSERT INTO `manager` VALUES (555,'111','hh','/'),(666,'123','zh','/');
/*!40000 ALTER TABLE `manager` ENABLE KEYS */;
UNLOCK TABLES;

--
-- Table structure for table `music`
--

DROP TABLE IF EXISTS `music`;
/*!40101 SET @saved_cs_client     = @@character_set_client */;
/*!40101 SET character_set_client = utf8 */;
CREATE TABLE `music` (
  `mid` int(11) NOT NULL AUTO_INCREMENT,
  `poster` varchar(20) DEFAULT NULL,
  `mname` varchar(20) DEFAULT NULL,
  `singer` varchar(20) DEFAULT NULL,
  `type` varchar(20) DEFAULT NULL,
  `language` varchar(20) DEFAULT NULL,
  `company` varchar(50) DEFAULT NULL,
  `createtime` date DEFAULT NULL,
  `word` text,
  `mscore` int(11) DEFAULT NULL,
  PRIMARY KEY (`mid`)
) ENGINE=InnoDB AUTO_INCREMENT=32 DEFAULT CHARSET=utf8;
/*!40101 SET character_set_client = @saved_cs_client */;

--
-- Dumping data for table `music`
--

LOCK TABLES `music` WRITE;
/*!40000 ALTER TABLE `music` DISABLE KEYS */;
INSERT INTO `music` VALUES (1,'/img/1.png','每天爱你多一点','张学友','Pop','粤语','UniversalMusicLtd.','1991-01-23','每天爱你多一些 - 张学友 (Jacky Cheung)\r\n词：林振强\r\n曲：桑田佳祐\r\n无求什么无寻什么\r\n突破天地但求夜深\r\n奔波以后能望见你\r\n你可否知道么\r\n平凡亦可平淡亦可\r\n自有天地但求日出\r\n清早到后能望见你\r\n那已经很好过\r\n当身边的一切如风\r\n是你让我找到根蒂\r\n不愿离开只愿留低\r\n情是永不枯萎\r\n而每过一天每一天\r\n这醉者\r\n便爱你多些再多些\r\n至满泻\r\n我发觉我最爱与你编写\r\n以后明天的深夜\r\n而每过一天每一天\r\n这醉者\r\n便爱你多些再多些\r\n至满泻\r\n我最爱你与我这生一起\r\n哪惧明天风高路斜\r\n名是什么财是什么\r\n是好滋味但如在生\r\n朝朝每夜能望见你\r\n那更加的好过\r\n当身边的一切如风\r\n是你让我找到根蒂\r\n不愿离开只愿留低\r\n情是永不枯萎\r\n而每过一天每一天\r\n这醉者\r\n便爱你多些再多些\r\n至满泻\r\n我发觉我最爱与你编写\r\n以后明天的深夜\r\n而每过一天每一天\r\n这醉者\r\n便爱你多些再多些\r\n至满泻\r\n我最爱你与我这生一起\r\n哪惧明天风高路斜\r\n而每过一天每一天\r\n这醉者\r\n便爱你多些再多些\r\n至满泻\r\n我发觉我最爱与你编写\r\n以后明天的深夜\r\n而每过一天每一天\r\n这情深者\r\n便爱你多些然后再多一些\r\n我最爱你与我这生一起\r\n哪惧明天风高路斜\r\n',4),(2,'/img/2.png','讲不出再见','谭咏麟','Pop','粤语','UniversalMusicLtd.','1994-02-08','讲不出再见 - 谭咏麟 (Alan Tam)\r\n词：向雪怀\r\n曲：Cho Yong Pil/Senk Kazuya\r\n编曲：杜自持\r\n是对是错也好不必说了\r\n是怨是爱也好不须揭晓\r\n何事更重要 比两心的需要\r\n柔情蜜意怎么可缺少\r\n是进是退也好有若狂潮\r\n是痛是爱也好不须发表\r\n曾为你愿意 我梦想都不要\r\n流言自此心知不会少\r\n这段情 越是浪漫越美妙\r\n离别最是吃不消\r\n我最不忍看你 背向我转面\r\n要走一刻请不必诸多眷恋\r\n浮沉浪似人潮 哪会没有思念\r\n你我伤心到讲不出再见\r\n是进是退也好有若狂潮\r\n是痛是爱也好不须发表\r\n曾为你愿意 我梦想都不要\r\n流言自此心知不会少\r\n这段情 越是浪漫越美妙\r\n离别最是吃不消\r\n我最不忍看你 背向我转面\r\n要走一刻请不必诸多眷恋\r\n浮沉浪似人潮 哪会没有思念\r\n你我伤心到讲不出再见\r\n我最不忍看你 背向我转面\r\n要走一刻请不必诸多眷恋\r\n浮沉浪似人潮 哪会没有思念\r\n你我伤心到讲不出再见\r\n我最不忍看你 背向我转面\r\n要走一刻请不必诸多眷恋\r\n浮沉浪似人潮 哪会没有思念\r\n你我伤心到讲不出再见\r\n',4),(3,'/img/3.png','月半小夜曲','李克勤','Pop','粤语','UniversalMusicLtd.','1987-11-04','月半小夜曲 - 李克勤 (Hacken Lee)\r\n词：向雪怀\r\n曲：河合奈保子\r\n仍然倚在失眠夜 望天边星宿\r\n仍然听见小提琴 如泣似诉再挑逗\r\n为何只剩一弯月 留在我的天空\r\n这晚以后音讯隔绝\r\n人如天上的明月 是不可拥有\r\n情如曲过只遗留 无可挽救再分别\r\n为何只是失望 填密我的空虚\r\n这晚夜 没有吻别\r\n仍在说永久 想不到是借口\r\n从未意会要分手\r\n但我的心每分每刻 仍然被她占有\r\n她似这月儿 仍然是不开口\r\n提琴独奏独奏着 明月半倚深秋\r\n我的牵挂 我的渴望 直至以后\r\n仍然倚在失眠夜 望天边星宿\r\n仍然听见小提琴 如泣似诉再挑逗\r\n为何只剩一弯月 留在我的天空\r\n这晚以后音讯隔绝\r\n人如天上的明月 是不可拥有\r\n情如曲过只遗留 无可挽救再分别\r\n为何只是失望 填密我的空虚\r\n这晚夜没有吻别\r\n仍在说永久 想不到是借口\r\n从未意会要分手\r\n但我的心每分每刻 仍然被她占有\r\n她似这月儿 仍然是不开口\r\n提琴独奏独奏着 明月半倚深秋\r\n我的牵挂 我的渴望 直至以后\r\n仍在说永久 想不到是借口\r\n从未意会要分手\r\n但我的心每分每刻 仍然被她占有\r\n她似这月儿 仍然是不开口\r\n提琴独奏独奏着 明月半倚深秋\r\n我的牵挂 我的渴望 直至以后\r\n',2),(4,'/img/4.png','风再起时','张国荣','Pop','粤语','CinepolyRecordsCo.Ltd.','1989-12-21','风再起时 - 张国荣 (Leslie Cheung)\r\n词：陈少琪\r\n曲：张国荣\r\n我 回头再望某年\r\n像失色照片 乍现眼前\r\n这个茫然困惑少年\r\n愿一生以歌 投入每天永不变\r\n任旧日路上风声取笑我\r\n任旧日万念俱灰也经过\r\n我最爱的歌最后总算唱过\r\n毋用再争取更多\r\n风再起时\r\n默默地这心不再计较与奔驰\r\n我纵要依依带泪归去也愿意\r\n珍贵岁月里\r\n寻觅我心中的诗\r\n风再起时\r\n寂静夜深中想到你对我支持\r\n再听见欢呼里在泣诉我谢意\r\n虽已告别了\r\n仍是有一丝暖意\r\n我 浮沉了十数年\r\n在星空里闪\r\n带着惘然\r\n请你容我别去前\r\n赠出这阙歌\r\n来日某天再相见\r\n但愿用热烈掌声欢送我\r\n在日后淡淡一生也不错\r\n那暖暖双手最后可永远伴我\r\n何用再得到更多\r\n风再起时\r\n默默地这心不再计较与奔驰\r\n我纵要依依带泪归去也愿意\r\n珍贵岁月里\r\n寻觅我心中的诗\r\n风再起时\r\n寂静夜深中想到你对我支持\r\n再听见欢呼里在泣诉我谢意\r\n虽已告别了 仍是有一丝暖意\r\n仍没有一丝悔意\r\n',4),(5,'/img/5.png','喜劇','星野源(ほしのげん)','Pop','日语','JVCKENWOODVictorEntertainmentCorp.','2022-04-08','喜劇 - 星野源 (ほしの げん)\r\n词：星野源\r\n曲：星野源\r\n争い合って 壊れかかった\r\nこのお茶目な星で\r\n生まれ落ちた日から よそ者\r\n涙枯れ果てた\r\n帰りゆく場所は夢の中\r\n零れ落ちた 先で出会った\r\nただ秘密を抱え\r\n普通のふりをした あなたと\r\n探し諦めた\r\n私の居場所は作るものだった\r\nあの日交わした\r\n血に勝るもの\r\n心たちの契約を\r\n手を繋ぎ帰ろうか\r\n今日は何食べようか\r\n「こんなことがあった」って\r\n君と話したかったんだ\r\nいつの日も 君となら喜劇よ\r\n踊る軋むベッドで\r\n笑い転げたままで\r\nふざけた生活はつづくさ\r\n劣ってると 言われ育った\r\nこのいかれた星で\r\n普通のふりをして 気づいた\r\n誰が決めつけた\r\n私の光はただ此処にあった\r\nあの日ほどけた\r\n淡い呪いに\r\n心からのさよならを\r\n顔上げて帰ろうか\r\n咲き誇る花々\r\n「こんな綺麗なんだ」って\r\n君と話したかったんだ\r\nどんな日も\r\n君といる奇跡を 命繫ぐキッチンで\r\n伝えきれないままで\r\nふざけた生活はつづく\r\n仕事明けに\r\n歩む共に\r\n朝陽が登るわ ああ\r\nありがとうでは\r\n足りないから\r\n手を繋ぎ\r\nさあうちに帰ろうか\r\n今日は何食べようか\r\n「こんなことがあった」って\r\n君と話したかったんだ\r\nいつの日も 君となら喜劇よ\r\n踊る軋むベッドで\r\n笑い転げたままで 永遠を探そうか\r\nできるだけ暮らそうか\r\nどんなことがあったって\r\n君と話したかったんだ\r\nいつまでも 君となら喜劇よ\r\n分かち合えた日々に\r\n笑い転げた先に\r\nふざけた生活はつづくさ\r\n',NULL),(6,'/img/6.png','煩悩遊戯','Reol(れをる)','Pop','日语','None','2018-12-25','煩悩遊戯 - Reol\r\n词：Reol\r\n曲：Reol\r\n高尚なことなどわからない\r\nあんたもそうでしょ\r\nわかったフリ やめましょう\r\n受動的に手に入るもの\r\n無くなるスピードも早いのがオチ\r\n愛想の悪さご愛嬌\r\n差し引きであいこ\r\n誰かのため\r\n生きるなんてできないよ\r\n全然献身的じゃないです\r\n馬鹿も蹴飛ばす\r\n容赦のなさ折り紙つき\r\nみだらみだら 物理的干渉ばかり\r\n男女皆下世話なことがお好き\r\nあたしが求めるもの get it out\r\nそういう交渉よりタチが悪いんだ\r\n鳴く鳴くは九官鳥\r\n沙羅双樹は枯れた\r\n現世はとんだオカルト\r\n煩悩 あそばせ let\'s get it on\r\n煩悩 あそばせ let\'s get it on\r\n煩悩 あそばせ let\'s get it on\r\n慈悲深さは神に求めなよ\r\nあたしは思うほど優しくない\r\n煩悩だらけ 百八じゃ足りない\r\n人間様欲張る舌出してアカペー\r\n振り切ってスローイン\r\nやったれ強引に\r\n娑婆成し遂げ\r\nすぐ死にたい って冗談だよ\r\n嗚呼 神様歓迎\r\n浮世をガチャ起死回生\r\n世の中の理\r\n正直と仏の顔も三度まで\r\n羯諦羯諦 上の上の上へ\r\nならず者ほど喧しい\r\n聖人君子に色女は平等に殺生\r\nにらめっこ 時代が成仏せど\r\n命はトゥービーコンティニューだ\r\n鳴く鳴くは九官鳥\r\n沙羅双樹は枯れた\r\n現世はとんだオカルト\r\n煩悩お戯れ いざ get it on\r\n煩悩お戯れ いざ get it on\r\n煩悩お戯れ いざ get it on\r\n慈悲深さは神に求めなよ\r\nあたしは思うほど優しくない\r\nしょうもない束縛 反吐が出る\r\n勘違いしていられるうちが花だ\r\n苦笑いして生き抜けよ\r\n冥土 in Japan\r\nもうだめ\r\nここまで って冗談でしょ\r\nあーせいぜい\r\n煩悩 あそばせ let\'s get it on\r\n煩悩 あそばせ let\'s get it on\r\n煩悩 あそばせ let\'s get it on\r\nせいぜい あそばせ let\'s get it on\r\n慈悲深さは神に求めなよ\r\nあたしは思うほど優しくない\r\n',NULL),(7,'/img/7.png','恋','星野源(ほしのげん)','Pop','日语','JVCKENWOODVictorEntertainmentCorp.','2016-10-05','恋 (Love) (《逃避虽可耻但有用》日剧主题曲) - 星野源 (ほしの げん)\r\n词：星野源\r\n曲：星野源\r\n営みの\r\n街が暮れたら色めき\r\n風たちは運ぶわ\r\nカラスと人々の群れ\r\n意味なんか\r\nないさ暮らしがあるだけ\r\nただ腹を空かせて\r\n君の元へ帰るんだ\r\n物心ついたらふと\r\n見上げて思うことが\r\nこの世にいる誰も\r\n二人から\r\n胸の中にあるもの\r\nいつか見えなくなるもの\r\nそれは側にいること\r\nいつも思い出して\r\n君の中にあるもの\r\n距離の中にある鼓動\r\n恋をしたの貴方の\r\n指の混ざり頬の香り\r\n夫婦を超えてゆけ\r\nみにくいと\r\n秘めた想いは色づき\r\n白鳥は運ぶわ\r\n当たり前を変えながら\r\n恋せずにいられないな\r\n似た顔も虚構にも\r\n愛が生まれるのは\r\n一人から\r\n胸の中にあるもの\r\nいつか見えなくなるもの\r\nそれは側にいること\r\nいつも思い出して\r\n君の中にあるもの\r\n距離の中にある鼓動\r\n恋をしたの貴方の\r\n指の混ざり頬の香り\r\n夫婦を超えてゆけ\r\n泣き顔も黙る夜も\r\n揺れる笑顔も\r\nいつまでもいつまでも\r\n胸の中にあるもの\r\nいつか見えなくなるもの\r\nそれは側にいること\r\nいつも思い出して\r\n君の中にあるもの\r\n距離の中にある鼓動\r\n恋をしたの貴方の\r\n指の混ざり頬の香り\r\n夫婦を超えてゆけ\r\n二人を超えてゆけ\r\n一人を超えてゆけ\r\n',NULL),(8,'/img/8.png','M八七','米津玄師(よねづけんし)','Soundtrack','日语','(P)2022SonyMusicLabelsInc.','2022-05-18','M八七 - 米津玄師 (よねづ けんし)\r\n词：米津玄師\r\n曲：米津玄師\r\n遥か空の星が\r\nひどく輝いて見えたから\r\n僕は震えながら\r\nその光を追いかけた\r\n割れた鏡の中\r\nいつかの自分を見つめていた\r\n強くなりたかった\r\n何もかもに憧れていた\r\n君は風に吹かれて 翻る帽子見上げ\r\n長く短い旅をゆく\r\n遠い日の面影\r\n君が望むなら\r\nそれは強く応えてくれるのだ\r\n今は全てに恐れるな\r\n痛みを知るただ一人であれ\r\nいまに枯れる花が\r\n最後に僕へと語りかけた\r\n「姿見えなくとも\r\n遥か先で見守っている」と\r\nそうだ 君は打ちひしがれて\r\n削れていく心根\r\n物語の始まりは\r\n微かな寂しさ\r\n君の手が触れた\r\nそれは引き合う孤独の力なら\r\n誰がどうして奪えるものか\r\n求めあえる 命果てるまで\r\n輝く星は言う 木の葉の向こうから\r\n君はただ見つめる\r\n未来を想いながら\r\n僕らは進む\r\n何も知らずに彼方のほうへ\r\n君が望むなら\r\nそれは強く応えてくれるのだ\r\n今は全てに恐れるな\r\n痛みを知る ただ一人であれ\r\n微かに笑え あの星のように\r\n痛みを知る ただ一人であれ\r\n',5),(9,'/img/9.png','LettingGo','蔡健雅','Pop','国语','亚神音乐','2011-11-18','Letting Go - 蔡健雅 (Tanya Chua)\r\n词：蔡健雅\r\n曲：蔡健雅\r\n这是一封离别信\r\n写下我该离开的原因\r\n我在你生命中扮演的角色\r\n太模糊了\r\n你对我常忽冷忽热\r\n我到底是情人还是朋友\r\n爱你是否不该太认真\r\nThat\'s why\r\nI\'m letting go\r\n我终于舍得为你放开手\r\n因为爱你爱到我心痛\r\n但你却不懂\r\nI\'m letting go\r\n你对一切的软弱与怠惰\r\n让人怀疑你是否爱过我\r\n真的爱过我\r\n为你再也找不到借口\r\nThat\'s when we should let it go\r\n你是呼吸的空气\r\n脱离不了的地心引力\r\n在我生命中曾经是我 存在的原因\r\n或许就像他们说\r\n爱情只会让人变愚蠢\r\n自作多情爱得太天真\r\nThat\'s why\r\nI\'m letting go\r\n我终于舍得为你放开手\r\n因为爱你爱到我心痛\r\n但你却不懂\r\nI\'m letting go\r\n你对一切都软弱与怠惰\r\n让人怀疑你是否爱过我\r\n真的爱过我\r\n为你再也找不到借口\r\nThat\'s when we should let it go\r\n在夜深人静里想着\r\n心不安却越沸腾\r\n我无助 好想哭\r\n我找不到退路\r\n在夜深人静里写着\r\n心慢慢就越变冷\r\n我不恨 也不哭\r\n我的眼泪早已哭干了\r\nCoz I\'m letting go\r\n我终于舍得为你放开手\r\n因为爱你爱到我心痛\r\n但你却不懂\r\nI\'m letting go\r\n你对一切都软弱与怠惰\r\n让人怀疑你是否爱过我\r\n真的爱过我\r\n为你再也找不到借口\r\nThat\'s when we should let it go\r\nWe should let it go\r\nWe should let it go\r\n',NULL),(10,'/img/10.png','高跟鞋','蔡健雅','Pop','英语','亚神音乐','2009-08-19','红色高跟鞋 - 蔡健雅 (Tanya Chua)\r\n词：蔡健雅\r\n曲：蔡健雅\r\n该怎么去形容你最贴切\r\n拿什么跟你作比较才算特别\r\n对你的感觉 强烈\r\n却又不太了解 只凭直觉\r\n你像窝在被子里的舒服\r\n却又像风捉摸不住\r\n像手腕上散发的香水味\r\n像爱不释手的 红色高跟鞋\r\n该怎么去形容你最贴切\r\n拿什么跟你作比较才算特别\r\n对你的感觉 强烈\r\n却又不太了解 只凭直觉\r\n你像窝在被子里的舒服\r\n却又像风捉摸不住\r\n像手腕上散发的香水味\r\n像爱不释手的 红色高跟鞋\r\n你像窝在被子里的舒服\r\n却又像风 捉摸不住\r\n像手腕上散发的香水味\r\n像爱不释手的\r\n我爱你有种左灯右行的冲突\r\n疯狂却怕没有退路\r\n你能否让我停止这种追逐\r\n就当那双 最后唯一的\r\n红色高跟鞋\r\n',NULL),(11,'/img/11.png','篇章','张韶涵','Pop','国语','索尼音乐×好乐无荒','2022-05-01','篇章 - 张韶涵/王赫野\r\n曲Composer：李浩瑞/刘涛/林晨阳\r\n词Lyricist：李浩瑞/赵大白/刘涛/林晨阳\r\n制作人Producer：刘涛\r\n编曲Arranger：黎子琨\r\n吉他Guitar：张凇\r\n混音师Mixing Engineer：李越\r\n母带后期混音师Mastering Engineer：李越\r\n和声Backing Vocals：胡仪/夏初安\r\n和声编写Backing Vocals Design：夏初安/李浩瑞\r\n配唱制作人Vocal Producer：刘涛/杨钧堯\r\n录音师Recording Engineer：谭笑聪/徐威\r\n人声编辑Vocal Editing：刘涛/祝薇\r\n视觉设计Visual Design：kidult.\r\n艺人统筹Artist coordination ：张韶轩/高赫阳\r\n监制Executive Producer：陶诗\r\n推广策划Promotion Planning：左三好\r\n特别合作Special cooperation： 天涵有限公司\r\n混音棚：野火春风工作室\r\n录音棚Recording Studio：好乐无荒录音棚（北京）/52HZ Studio（上海）\r\n企划营销Project Marketing：好乐无荒（长沙）\r\n制作公司Manufacturing Company：好乐无荒（北京）\r\nOP：好乐无荒\r\nSP：索尼音乐版权代理（北京）有限公司\r\n别让乌云遮住了天空的蓝\r\n别让命运折返没桨的船\r\n别让黑夜都落在你的臂弯\r\n让我来与你作伴\r\n别让迷雾遮住了停靠的岸\r\n别让你的世界这般不安\r\n别让心中的光变得暗淡\r\n飞过湖泊与高山\r\n你曾经灼热的眼眶\r\n是人生中少数的笨拙又可贵的时刻\r\n一去不返的我们啊\r\n就肆意地追逐吧\r\n有你目送就不算落单\r\n每当我悲伤过\r\n也被暴雨淋过\r\n泥泞开出花朵\r\n就让它生长着\r\n燃烧小小的梦\r\n不怕赤脚追风\r\n就在勇敢过后\r\n会有万里晴空\r\n以黎明呼唤我\r\n用温暖作脉搏\r\n以繁星呼唤我\r\n凝视中有闪烁\r\n你曾经灼热的眼眶\r\n是人生中少数的笨拙又可贵的时刻\r\n那些正炙热的人啊\r\n就肆意地追逐吧\r\n有你目送就不算落单\r\n每当我悲伤过\r\n也被暴雨淋过\r\n泥泞开出花朵\r\n就让它生长着\r\n燃烧小小的梦\r\n不怕赤脚追风\r\n就在勇敢过后\r\n会有万里晴空\r\n以黎明呼唤我\r\n用温暖作脉搏\r\n以繁星呼唤我\r\n凝视中有闪烁\r\n命运深处涌动着更多浪漫\r\n梦想破土生长更多答案\r\n繁星背后太阳已开始绚烂\r\n谢谢你与我作伴\r\n',NULL),(12,'/img/12.png','破茧','张韶涵','Soundtrack','国语','制作家','2020-05-23','破茧 - 张韶涵 (Angela Zhang)\r\n词：曹德智/郭德紫毅\r\n曲：文颖秋\r\n制作人：赵瑟\r\n编曲：文颖秋/赵瑟\r\n配唱制作人：杨钧尧\r\n录音师：潘尧泓\r\n录音室：白金录音室\r\n吉他：齐成刚\r\n和声编写：文颖秋\r\n和声：杜婧荧\r\n弦乐：国际首席爱乐乐团\r\n弦乐监制：李朋\r\n混音 Mixed by：李天野 北京有沐音乐\r\n母带 Mastered by：Randy Merrill Sterling Sound\r\nOP/SP：腾讯音乐娱乐集团（制作家）\r\n出品：腾讯视频/腾讯音乐娱乐集团（制作家）\r\n如果在噩梦中睁眼\r\n直面着残忍的世界\r\n风拨动了谁的心弦\r\n留恋却来不及告别\r\n如果结局仅剩惨烈\r\n无惧在逆风中破茧\r\n就算那羽翼被撕裂\r\n重回到十九层深渊\r\n牵你手 往前走\r\n黑夜白昼 不停留\r\n辗转时空\r\n会挫伤 会心痛\r\n依然奋勇 去战斗\r\n才叫英雄\r\n抬头 乱与战不休\r\n回首 你在我左右\r\n击溃 命运的诅咒\r\n让故事不朽\r\n武魂 在放肆狂涌\r\n守护 你一腔孤勇\r\n哪怕 未来如洪流\r\n也不曾退后\r\n如果在噩梦中睁眼\r\n直面着残忍的世界\r\n风拨动了谁的心弦\r\n留恋却来不及告别\r\n如果结局仅剩惨烈\r\n无惧在逆风中破茧\r\n就算那羽翼被撕裂\r\n重回到十九层深渊\r\n牵你手 往前走\r\n黑夜白昼 不停留\r\n辗转时空\r\n会挫伤 会心痛\r\n依然奋勇 去战斗\r\n才叫英雄\r\n抬头 乱与战不休\r\n回首 你在我左右\r\n击溃 命运的诅咒\r\n让故事不朽\r\n武魂 在放肆狂涌\r\n守护 你一腔孤勇\r\n哪怕 未来如洪流\r\n也不曾退后\r\n当现实无路可逃\r\n绝望将希望缠绕\r\n也依旧无所谓地笑\r\n左锤护右手的草\r\n双生的烈焰出鞘\r\n绝处逢生见招拆招\r\n抬头 乱与战不休\r\n回首 你在我左右\r\n击溃 命运的诅咒\r\n让故事不朽\r\n武魂 在放肆狂涌\r\n守护 你一腔孤勇\r\n哪怕 未来如洪流\r\n也不曾退后\r\n当现实无路可逃\r\n绝望将希望缠绕\r\n也依旧无所谓地笑\r\n左锤护右手的草\r\n双生的烈焰出鞘\r\n绝处逢生见招拆招\r\n也不曾退后\r\n',NULL),(13,'/img/13.png','有何不可','许嵩','Pop','国语','华宇世博','2009-01-10','有何不可 - 许嵩\r\n词：许嵩\r\n曲：许嵩\r\n编曲：许嵩\r\n天空好想下雨\r\n我好想住你隔壁\r\n傻站在你家楼下\r\n抬起头 数乌云\r\n如果场景里出现一架钢琴\r\n我会唱歌给你听\r\n哪怕好多盆水往下淋\r\n夏天快要过去\r\n请你少买冰淇淋\r\n天凉就别穿短裙\r\n别再那么淘气\r\n如果有时不那么开心\r\n我愿意将格洛米借给你\r\n你其实明白我心意\r\n为你唱这首歌\r\n没有什么风格\r\n它仅代表着\r\n我想给你快乐\r\n为你解冻冰河\r\n为你做一只扑火的飞蛾\r\n没有什么事情是不值得\r\n为你唱这首歌\r\n没有什么风格\r\n它仅仅代表着\r\n我希望你快乐\r\n为你辗转反侧\r\n为你放弃世界有何不可\r\n夏末秋凉里带一点温热\r\n有换季的颜色\r\n天空好想下雨\r\n我好想住你隔壁\r\n傻站在你家楼下\r\n抬起头 数乌云\r\n如果场景里出现一架钢琴\r\n我会唱歌给你听\r\n哪怕好多盆水往下淋\r\n往下淋往下淋\r\n夏天快要过去\r\n请你少买冰淇淋\r\n天凉就别穿短裙\r\n别再那么淘气\r\n如果有时不那么开心\r\n我愿意将格洛米借给你\r\n你其实明白我心意\r\n为你唱这首歌\r\n没有什么风格\r\n它仅仅代表着\r\n我想给你快乐\r\n为你解冻冰河\r\n为你做一只扑火的飞蛾\r\n没有什么事情是不值得\r\n为你唱这首歌\r\n没有什么风格\r\n它仅仅代表着\r\n我希望你快乐\r\n为你辗转反侧\r\n为你放弃世界有何不可\r\n夏末秋凉里带一点温热\r\n为你解冻冰河\r\n为你做一只扑火的飞蛾\r\n没有什么事情是不值得\r\n为你唱这首歌\r\n没有什么风格\r\n它仅仅代表着\r\n我希望你快乐\r\n为你辗转反侧\r\n为你放弃世界有何不可\r\n夏末秋凉里带一点温热\r\n有换季的颜色\r\n',NULL),(14,'/img/14.png','素颜','许嵩','Pop','国语','华宇世博','2010-08-18','素颜 - 许嵩/何曼婷\r\n词：许嵩\r\n曲：许嵩\r\n编曲：夏侯哲\r\n男：\r\n又是一个安静的晚上\r\n一个人窝在摇椅里乘凉\r\n我承认这样真的很安详\r\n和楼下老爷爷一样\r\n女：\r\n听说你还在搞什么原创\r\n搞来搞去好像也就这样\r\n不如花点时间想想\r\n琢磨一下模样\r\n今夜化了美美的妆\r\n男：\r\n我相信是很美美的妆\r\n女：\r\n我摇晃在舞池中央\r\n男：\r\n那种体态可以想象\r\n女：\r\n我做我的改变又何必纠结\r\n男：\r\n那就拜托别和我碰面\r\n如果再看你一眼是否还会有感觉\r\n当年素面朝天要多纯洁就有多纯洁\r\n女：\r\n不画扮熟的眼线不用抹匀粉底液\r\n男：\r\n暴雨天\r\n女：\r\n照逛街\r\n合：\r\n偷笑别人花了脸\r\n男：\r\n如果再看你一眼是否还会有感觉\r\n最真实的喜怒哀乐全都埋葬在昨天\r\n女：\r\n不掺任何的表演轰轰烈烈那几年\r\n男：\r\n我怀念\r\n女：\r\n别怀念\r\n合：\r\n怀念也回不到从前\r\n男：\r\n又是一个安静的晚上\r\n一个人窝在摇椅里乘凉\r\n我承认这样真的很安详\r\n和楼下老爷爷一样\r\n女：\r\n听说你还在搞什么原创\r\n搞来搞去好像也就这样\r\n不如花点时间想想\r\n琢磨一下模样\r\n今夜化了美美的妆\r\n男：\r\n我相信也是很美美的妆\r\n女：\r\n我摇晃在舞池中央\r\n男：\r\n那种体态可以想象\r\n女：\r\n我做我的改变又何必纠结\r\n男：\r\n那就拜托别和我碰面\r\n如果再看你一眼是否还会有感觉\r\n当年素面朝天要多纯洁就有多纯洁\r\n女：\r\n不画扮熟的眼线不用抹匀粉底液\r\n男：\r\n暴雨天\r\n女：\r\n照逛街\r\n合：\r\n偷笑别人花了脸\r\n男：\r\n如果再看你一眼是否还会有感觉\r\n最真实的喜怒哀乐全都埋葬在昨天\r\n女：\r\n不掺任何的表演轰轰烈烈那几年\r\n男：\r\n我怀念\r\n女：\r\n别怀念\r\n合：\r\n怀念也回不到从前\r\n男：\r\n曾经对上的瞬间难道是一种错觉\r\n那些流逝了的就永远不会复现\r\n合：\r\n不掺任何的表演轰轰烈烈那几年\r\n男：\r\n有遗憾的感觉\r\n女：\r\n为何感觉\r\n男：\r\n那消失不见的素颜\r\n',NULL),(15,'/img/15.png','不将就','李荣浩','Pop','国语','华纳唱片','2016-01-22','不将就 - 李荣浩 (Ronghao Li)\r\n词：李荣浩/黄伟文\r\n曲：李荣浩\r\n编曲：Edward Chan\r\n制作人：李荣浩\r\n那时候 我以为爱的是生活\r\n也算懂得 什么适合什么不可\r\n最近还是一样努力着\r\n配合你的性格\r\n你的追求者 你的坎坷\r\n我开的车\r\n算一算 虚度了多少个年头\r\n仿佛足够写一套错爱的春秋\r\n如果以后 你还想为谁\r\n浪费美好时候\r\n眼泪只能在我的胸膛\r\n毫无保留\r\n互相折磨到白头\r\n悲伤坚决不放手\r\n开始纠缠之后\r\n才又被人放大了自由\r\n你的暴烈太温柔\r\n感情又痛又享受\r\n如果我说不吻你不罢休\r\n谁能逼我将就\r\n你问我 为什么顽固而专一\r\n天下太大 总有人比你更合适\r\n其实我觉得这样不值\r\n可没选择方式\r\n你一出场别人都显得不过如此\r\n互相折磨到白头\r\n悲伤坚决不放手\r\n开始纠缠之后\r\n才又被人放大了自由\r\n你的暴烈太温柔\r\n感情又痛又享受\r\n如果我说不吻你不罢休\r\n谁能逼我将就\r\n互相折磨到白头\r\n悲伤坚决不放手\r\n开始纠缠之后\r\n才又被人放大了自由\r\n你的暴烈太温柔\r\n感情又痛又享受\r\n如果我说不吻你不罢休\r\n谁能逼我将就\r\n他们不过将就\r\n',NULL),(16,'/img/16.png','年少有为','李荣浩','Pop','国语','华纳唱片','2018-07-19','年少有为 - 李荣浩\r\n词：李荣浩\r\n曲：李荣浩\r\n制作人Producer：李荣浩Ronghao Li\r\n编曲Arrangement：李荣浩Ronghao Li\r\n吉他Guitars：李荣浩Ronghao Li\r\n贝斯Bass：李荣浩Ronghao Li\r\n鼓Drums：Alex\r\n和声编写Backing Vocal Arrangement：李荣浩Ronghao Li\r\n和声Backing Vocal：李荣浩Ronghao Li\r\n弦乐编写Strings Arrangement：李荣浩Ronghao Li\r\n弦乐Strings：国际首席爱乐乐团International Master Philharmonic Orchestra\r\n录音师Recording Engineer：李荣浩Ronghao Li\r\n混音师Mixing Engineer：李荣浩Ronghao Li\r\n录音室Recording Studio：北京一样音乐录音室Beijing Young Music Studio\r\n混音室Mixing Studio：北京一样音乐录音室Beijing Young Music Studio\r\n母带后期制作人Mastering Producer：李荣浩Ronghao Li\r\n母带后期处理工程师Mastering Engineer：周天澈TC Z.\r\n母带后期处理录音室Mastering Studio：TC Faders\r\nOP：一样音乐工作室\r\nSP：酷亚音乐 (深圳)有限公司 admin by One Asia Music Inc. 酷亚音乐股份有限公司\r\n电视一直闪\r\n联络方式都还没删\r\n你待我的好\r\n我却错手毁掉\r\n也曾一起想\r\n有个地方睡觉吃饭\r\n可怎么去熬\r\n日夜颠倒连头款也凑不到\r\n墙板 被我砸烂\r\n到现在还没修\r\n一碗热的粥\r\n你怕我没够\r\n都留一半带走\r\n给你形容\r\n美好今后你常常眼睛会红\r\n原来心疼我 我那时候不懂\r\n假如我年少有为不自卑\r\n懂得什么是珍贵\r\n那些美梦\r\n没给你 我一生有愧\r\n假如我年少有为 知进退\r\n才不会让你替我受罪\r\n婚礼上 多喝几杯\r\n和你现在那位\r\n也曾一起想\r\n有个地方睡觉吃饭\r\n可怎么去熬\r\n日夜颠倒连头款也凑不到\r\n墙板 被我砸烂\r\n到现在还没修\r\n一碗热的粥\r\n你怕我没够\r\n都留一半带走\r\n给你形容\r\n美好今后你常常眼睛会红\r\n原来心疼我 我那时候不懂\r\n假如我年少有为不自卑\r\n懂得什么是珍贵\r\n那些美梦\r\n没给你 我一生有愧\r\n假如我年少有为 知进退\r\n才不会让你替我受罪\r\n婚礼上 多喝几杯\r\n和你现在那位\r\n假如我年少有为不自卑\r\n尝过后悔的滋味\r\n金钱地位\r\n搏到了却好想退回\r\n假如我年少有为 知进退\r\n才不会让你替我受罪\r\n婚礼上 多喝几杯\r\n和你现在那位\r\n在婚礼上 多喝几杯\r\n祝我年少有为\r\n',NULL),(17,'/img/17.png','后来的我们','五月天','Rock','国语','相信音乐','2016-07-21','后来的我们 - 五月天 (Mayday)\r\n词：阿信\r\n曲：怪兽\r\n然后呢\r\n他们说你的心似乎痊愈了\r\n也开始有个人为你守护着\r\n我该心安或是心痛呢\r\n然后呢\r\n其实我的日子也还可以呢\r\n除了回忆肆虐的某些时刻\r\n庆幸还有眼泪冲淡苦涩\r\n而那些昨日依然缤纷着\r\n它们都有我细心收藏着\r\n也许你还记得也许你都忘了\r\n也不是那么重要了\r\n只期待后来的你能快乐\r\n那就是后来的我最想的\r\n后来的我们依然走着\r\n只是不再并肩了\r\n朝各自的人生追寻了\r\n无论是后来故事怎么了\r\n也要让后来人生精彩着\r\n后来的我们我期待着\r\n泪水中能看到你真的自由了\r\n亲爱的\r\n回忆我们共同走过的曲折\r\n是那些带我们来到了这一刻\r\n让珍贵的人生有失有得\r\n用新的幸福把遗憾包着\r\n就这么朝着未来前进了\r\n有再多的不舍也要狠心割舍\r\n别回头看我亲爱的\r\n只期待后来的你能快乐\r\n那就是后来的我最想的\r\n后来的我们依然走着\r\n只是不再并肩了\r\n朝各自的人生追寻了\r\n无论是后来故事怎么了\r\n也要让后来人生精彩着\r\n后来的我们我期待着\r\n泪水中能看到你真的幸福快乐\r\n在某处另一个你留下了\r\n在那里另一个我微笑着\r\n另一个我们还深爱着\r\n代替我们永恒着\r\n如果能这么想就够了\r\n无论是后来故事怎么了\r\n也要让后来人生值得\r\n后来的我们我期待着\r\n泪水中能看到你真的自由了\r\n',NULL),(18,'/img/18.png','玫瑰少年','五月天','Rock','国语','相信音乐','2019-08-08','玫瑰少年 - 五月天\r\n词：阿信/蔡依林\r\n曲：剃刀蒋/蔡依林\r\n制作：五月天\r\n编曲：赖暐哲/五月天\r\n乐器演奏：五月天\r\n钢琴/合成器演奏：赖暐哲\r\n弦乐编写：赖暐哲\r\n弦乐监制：蔡曜宇\r\n弦乐 Strings：曜爆甘音乐工作室\r\n第一小提琴 First Violin：蔡曜宇/陈泱瑾/骆思云/陈奕勇\r\n第二小提琴 Second Violin：卢思蒨/朱奕宁/黄雨柔/黄瑾诤\r\n中提琴 Viola：甘威鹏/牟启东/张仁豪\r\n大提琴 Cello：刘涵 （隐分子）/叶欲新\r\n弦乐录音师：林尚伯\r\n弦乐录音室：强力录音室\r\n和声编写：张胜凯\r\n和声演唱：邹謦蓬\r\n录/混音：黄士杰  五月天录音室\r\n制作助理：江昆余/詹宏业\r\n谁把谁的灵魂 装进谁的身体\r\n谁把谁的身体 变成囹圄囚禁自己\r\n乱世总是最 不缺耳语\r\n哪种美丽会 换来妒忌\r\n你并没有罪 有罪是这世界\r\n生而为人无罪 你不需要抱歉\r\nOne day I will be you baby boy and you gon\'be me\r\n喧哗如果不停 让我陪你安静\r\nI wish I could hug you till you\'re really really being free\r\n哪朵玫瑰没有荆棘\r\n最好的 报复是 美丽\r\n最美的 盛开是 反击\r\n别让谁去 改变了你\r\n你是你 或是妳 都行\r\n会有人 全心的 爱你\r\n试着想像 you switched to his body\r\nSexuality 当心什么会伤你\r\n多少次的重伤 多少次的冷语\r\nDrowning 谁会拉你\r\nDreaming 谁会陪你\r\nSame s**t happens every day\r\n你离开后 世界可改变\r\n多少无知罪愆 事过不境迁\r\n永志不忘纪念 往事不如烟\r\n生而为人无罪 你不需要抱歉\r\nOne day I will be you baby boy and you gon\'be me\r\n喧哗如果不停 让我陪你安静\r\nI wish I could hug you till you\'re really really being free\r\n哪朵玫瑰没有荆棘\r\n最好的 报复是 美丽\r\n最美的 盛开是 反击\r\n别让谁去 改变了你\r\n你是你 或是妳 都行\r\n会有人 全心的 爱你\r\n玫瑰少年 在我心里\r\n绽放着 鲜艳的 传奇\r\n我们都 从来没 忘记\r\n你的控诉 没有声音\r\n却倾诉 更多的 真理\r\n却唤醒 无数的 真心\r\n哪朵玫瑰没有荆棘\r\n最好的 报复是 美丽\r\n最美的 盛开是 反击\r\n别让谁去 改变了你\r\n你是你 或是妳 都行\r\n会有人 全心的 爱你\r\n玫瑰少年 在我心里\r\n玫瑰少年 在我心里\r\n',NULL),(19,'/img/19.png','人间烟火','程响','Pop','国语','金翼龙音乐','2022-03-20','人间烟火 - 程响\r\n词：宁缺\r\n曲：宁缺\r\n编曲：曲比阿且\r\n混音：王朋\r\n母带：全相彦\r\n宣发：冷小婧\r\n统筹：陈亚飞\r\n出品人：潘鸿业\r\nOP：北京金翼龙国际文化传媒有限公司\r\n发行：银河方舟StarNation\r\n「未经著作权人书面许可 不得以任何方式（包括翻唱、翻录等）使用」\r\n一人后来过江南 烟雨锁惆怅\r\n听得乌篷轻摇桨 竟不知所想\r\n画船萧鼓声声唱 几曲断人肠\r\n谁家墙头有梅 自芬芳\r\n人间一场烟火 你曾盛开过\r\n刻几人在心窝 从此孤独活\r\n江南花已凋落 怎堪再斟酌\r\n可怜良辰无多 竟似无人说\r\n你撑纸伞回头望 千年乌衣巷\r\n问君青丝有几丈 能把风月量\r\n谁言杯酒醉他乡 红尘皆可忘\r\n凭栏数尽孤帆 泪两行\r\n人间一场烟火 你曾盛开过\r\n刻几人在心窝 从此孤独活\r\n江南花已凋落 怎堪再斟酌\r\n可怜良辰无多 竟似无人说\r\n人间一场烟火 你曾盛开过\r\n刻几人在心窝 从此孤独活\r\n江南花已凋落 怎堪再斟酌\r\n可怜良辰无多 竟似无人说\r\n可怜良辰无多 竟似无人说\r\n可怜良辰无多 再难与人说\r\n',NULL),(20,'/img/20.png','时光洪流','程响','Pop','国语','金翼龙音乐','2021-08-17','时光洪流 - 程响\r\n词：如一\r\n曲：周迪Lion\r\n编曲：刘圣华\r\n混音：王朋\r\n母带：全相彦\r\n监制：闫骁男 骁Studio\r\n文案：冷小婧/杜梦婷\r\n统筹：陈亚飞\r\n营销：Hot Cake Studio\r\n发行：银河方舟\r\n出品人：潘鸿业\r\nOP：北京金翼龙国际文化传媒有限公司\r\n「未经著作权人书面许可 不得以任何方式（包括翻唱、翻录等）使用」\r\n我预演过千次百次的重逢\r\n你却始终站在梦里难触碰\r\n太难回头只能一直走不停\r\n曾经两个人流失人海之中\r\n明明不甘心 明明还在等\r\n却偏要假装 早就不痛\r\n明明奢望着 你也再次心动\r\n越美好期待 越容易落空\r\n承认我不配 反倒更轻松\r\n有些爱与妒 只有自己才懂\r\n时光洪流中这份爱多渺小\r\n一放手就消散掉\r\n我也想洒脱一笑\r\n说一生那么长\r\n爱与你都不重要\r\n也许还会遇到另一个人\r\n许下相似的诺言\r\n我知道我难以做到\r\n明明不甘心 明明还在等\r\n却偏要假装 早就不痛\r\n明明奢望着 你也再次心动\r\n越美好期待 越容易落空\r\n承认我不配 反倒更轻松\r\n有些爱与妒 只有自己才懂\r\n时光洪流中这份爱多渺小\r\n一放手就消散掉\r\n我也想洒脱一笑\r\n说一生那么长\r\n爱与你都不重要\r\n也许还会遇到另一个人\r\n许下相似的诺言\r\n我知道我难以做到\r\n时光洪流中这份爱多渺小\r\n一放手就消散掉\r\n你的心飘向远方\r\n我留不住也好\r\n酸与苦比恨要好\r\n所有的滋味都在夜里品尝\r\n天亮就继续微笑\r\n我知道我可以做到\r\n我知道我难以做到\r\n',4),(21,'/img/21.png','起风了','周深','Pop','国语','上海宽娱数码科技有限公司','2020-09-03','起风了 - 买辣椒也用券\r\n词：米果\r\n曲：高桥优\r\n编曲：池洼浩一 (Kouichi Ikekubo)\r\n吉他：池洼浩一 (Kouichi Ikekubo)\r\n贝斯：小岛刚広 (Takehiro Kojima)\r\n鼓：吉田佳史 (TRICERATOPS) (Yoshifumi Yoshida(TRICERATOPS))\r\n键盘：平畑彻也 (Tetsuya Hirahata)\r\n小提琴：须磨和声 (Wasei Suma)\r\n弦乐：须磨和声/池洼浩一\r\n录音工程：玉乃井光纪 (Mitsunori Tamanoi) - studioFine\r\n出品：Negia Entertainment Inc.\r\n特别支持：中村光雄(Mitsuo Nakamura)\r\n（未经著作人许可，不得翻唱、翻录或使用）\r\n这一路上走走停停\r\n顺着少年漂流的痕迹\r\n迈出车站的前一刻\r\n竟有些犹豫\r\n不禁笑这近乡情怯\r\n仍无可避免\r\n而长野的天\r\n依旧那么暖\r\n风吹起了从前\r\n从前初识这世间\r\n万般流连\r\n看着天边似在眼前\r\n也甘愿赴汤蹈火去走它一遍\r\n如今走过这世间\r\n万般流连\r\n翻过岁月不同侧脸\r\n措不及防闯入你的笑颜\r\n我曾难自拔于世界之大\r\n也沉溺于其中梦话\r\n不得真假 不做挣扎 不惧笑话\r\n我曾将青春翻涌成她\r\n也曾指尖弹出盛夏\r\n心之所动 且就随缘去吧\r\n逆着光行走 任风吹雨打\r\n短短的路走走停停\r\n也有了几分的距离\r\n不知抚摸的是故事 还是段心情\r\n也许期待的不过是 与时间为敌\r\n再次看到你\r\n微凉晨光里\r\n笑得很甜蜜\r\n从前初识这世间\r\n万般流连\r\n看着天边似在眼前\r\n也甘愿赴汤蹈火去走它一遍\r\n如今走过这世间\r\n万般流连\r\n翻过岁月不同侧脸\r\n措不及防闯入你的笑颜\r\n我曾难自拔于世界之大\r\n也沉溺于其中梦话\r\n不得真假 不做挣扎 不惧笑话\r\n我曾将青春翻涌成她\r\n也曾指尖弹出盛夏\r\n心之所动 且就随缘去吧\r\n晚风吹起你鬓间的白发\r\n抚平回忆留下的疤\r\n你的眼中 明暗交杂 一笑生花\r\n暮色遮住你蹒跚的步伐\r\n走进床头藏起的画\r\n画中的你 低着头说话\r\n我仍感叹于世界之大\r\n也沉醉于儿时情话\r\n不剩真假 不做挣扎 无谓笑话\r\n我终将青春还给了她\r\n连同指尖弹出的盛夏\r\n心之所动 就随风去了\r\n以爱之名 你还愿意吗\r\n',5),(22,'/img/22.png','说声你好','周深','None','国语','TME影音+','2021-12-20','说声你好 (《小敏家》电视剧片头曲) - 周深\r\n词：刘凤瑶\r\n曲：刘凤瑶\r\n编曲：James Yeo Kenn c music\r\n制作人：刘凤瑶\r\n弦乐编制：James Yeo Kenn c music\r\n弦乐：国际首席爱乐乐团\r\n和声：周深\r\n录音/配唱：徐威\r\n录音室：52Hz studio（Shanghai）\r\n混音/母带：蒋柽 Finn music\r\n制作Studio：芬响家Finn Music\r\n音乐统筹：王金贺/张子豪\r\n制作公司：仁溪音乐\r\n监制：何倩\r\n特别鸣谢：周深工作室\r\n项目监制：李静楠 TME影音+/陈可欣 TME影音+\r\n音乐出品：腾讯音乐娱乐集团（影音+）\r\n和这个世界的第一句话记得吗\r\n是不是和想象之中的会有偏差\r\n你听啊 总有人在牵挂\r\n就像风 轻轻的吻一下\r\n或这样的 或那样的\r\n勇敢总是在暴风后变得更融洽\r\n逆着寒流生长却依然开起了花\r\n你看啊 这注定的年华\r\n总会有 思念它不听话\r\n请让微笑 落在脸颊\r\n走吧 在城市中喧嚣\r\n串成 一首歌谣\r\n让它 在繁华中落脚\r\n流过的泪 不重要\r\n我慢慢的慢慢的慢慢的\r\n慢慢等你来到\r\n轻轻的说声 你好\r\n勇敢总是在暴风后变得更融洽\r\n逆着寒流生长却依然开起了花\r\n你看啊 这注定的年华\r\n总会有 思念它不听话\r\n请让微笑 落在脸颊\r\n走吧 在城市中喧嚣\r\n串成 一首歌谣\r\n让它 在繁华中落脚\r\n流过的泪 不重要\r\n我慢慢的慢慢的慢慢的\r\n慢慢等你来到\r\n轻轻的说声 你好\r\n走吧 在城市中喧嚣\r\n串成 一首歌谣\r\n让它 在繁华中落脚\r\n流过的泪 不重要\r\n我慢慢的慢慢的慢慢的\r\n慢慢等你来到\r\n轻轻的说声 你好\r\n',NULL),(23,'/img/23.png','飞鸟和蝉','任然','Pop','国语','北京千和世纪文化传播有限公司','2020-07-03','飞鸟和蝉 - 任然\r\n词：耕耕\r\n曲：Kent王健\r\n编曲：侯江浩\r\n吉他：陈麒元\r\n混音：张栩赫（Ethan）\r\n录音：Kent王健\r\n和声编写/和声：Kent王健\r\n制作人：Kent王健\r\n配唱制作人：kent王健\r\n录音工作室：1803 Studio\r\n混音工作室：Hot Music Studio\r\n监制：三千\r\nOP：千和世纪\r\n（版权所有未经许可请勿使用）\r\n你说青涩最搭初恋\r\n如小雪落下海岸线\r\n第五个季节某一天上演\r\n我们有相遇的时间\r\n你说空瓶适合许愿\r\n在风暖月光的地点\r\n第十三月你就如期出现\r\n海之角也不再遥远\r\n你骄傲的飞远 我栖息的夏天\r\n听不见的宣言 重复过很多年\r\n北纬线的思念被季风吹远\r\n吹远默念的侧脸\r\n吹远鸣唱的诗篇\r\n你骄傲的飞远 我栖息的叶片\r\n去不同的世界 却从不曾告别\r\n沧海月的想念羽化我昨天\r\n在我成熟的笑脸\r\n你却未看过一眼\r\n你说空瓶适合许愿\r\n在风暖月光的地点\r\n第十三月你就如期出现\r\n海之角也不再遥远\r\n你骄傲的飞远 我栖息的夏天\r\n听不见的宣言 重复过很多年\r\n北纬线的思念被季风吹远\r\n吹远默念的侧脸\r\n吹远鸣唱的诗篇\r\n你骄傲的飞远 我栖息的叶片\r\n去不同的世界 却从不曾告别\r\n沧海月的想念羽化我昨天\r\n在我成熟的笑脸\r\n你却未看过一眼\r\n你骄傲的飞远 我栖息的夏天\r\n听不见的宣言 重复过很多年\r\n北纬线的思念被季风吹远\r\n吹远默念的侧脸\r\n吹远鸣唱的诗篇\r\n你骄傲的飞远 我栖息的叶片\r\n去不同的世界 却从不曾告别\r\n沧海月的想念羽化我昨天\r\n在我成熟的笑脸\r\n你却未看过一眼\r\n',NULL),(24,'/img/24.png','无人之岛','任然','Pop','国语','北京千和世纪文化传播有限公司','2017-08-31','无人之岛 - 任然\r\n词：申名利\r\n曲：小5\r\n编曲：王壹\r\n缩混：殇小谨\r\n监制：三千\r\n制作人：小5/朱鸽\r\n吉他：陈超\r\n配唱制作人：朱鸽\r\n和声编写：小5\r\n和声：任然\r\n录音室：Hot Music Studio\r\n混音室：Hot Music Studio\r\nOP：千和世纪\r\nSP：千和世纪\r\n企划营销：梦童娱乐\r\n黑色的背后是黎明\r\n以为来日方长所以别把梦吵醒\r\n时间它继续飞行\r\n下一站机场门外 拥抱你的背影\r\n蓝色的背后是纯净\r\n低下头俯瞰陆地上想念的眼睛\r\n生命中有些事情\r\n从没有原因说明 一刹那的寂静\r\n如果云层是天空的一封信\r\n能不能再听一听 听你的声音\r\n就算是探秘 是贪玩而已\r\n跟着潘彼得去无人岛旅行\r\n我不会怪你的\r\n天空一望无际 是海洋的倒影\r\n蓝色一望无际 我的你在哪里\r\n假如迷路了一定\r\n记得 把思念装进漂流瓶\r\n记得 快寄给我别让人担心\r\n蓝色的背后是纯净 云淡风轻\r\n低下头俯瞰陆地上想念的眼睛\r\n生命中有些事情 不能透明\r\n从没有原因说明 一刹那的寂静\r\n如果云层是天空的一封信\r\n能不能再听一听 听你的声音\r\n就算是探秘 是贪玩而已\r\n跟着潘彼得去无人岛旅行\r\n我不会怪你的\r\n天空一望无际 是海洋的倒影\r\n蓝色一望无际 我的你在哪里\r\n假如迷路了一定\r\n记得 把思念装进漂流瓶\r\n记得 快寄给我别让人担心\r\n如果云层是天空的一封信\r\n能不能再听一听 听你的声音\r\n就算是探秘\r\n跟着潘彼得去无人岛旅行\r\n我不会怪你的\r\n天空一望无际 是海洋的倒影\r\n蓝色一望无际 我的你在哪里\r\n假如迷路了一定\r\n记得 把思念装进漂流瓶\r\n记得 快寄给我别让人担心\r\n',NULL),(25,'/img/25.png','阿拉斯加海湾','蓝心羽','None','国语','BLUESTUDIO','2020-12-05','阿拉斯加海湾 - 蓝心羽\r\n词：菲道尔/李康宁\r\n曲：菲道尔\r\n编曲：于山川 Cstudio\r\n原唱：菲道尔\r\n贝斯：石间 Cstudio\r\n吉他：丁兆尊龙\r\n和声编写：田跃君\r\n和声蓝心羽\r\n配唱制作人：田跃君\r\n混音：王巍MOKA\r\n制作人：杜叔叔\r\n统筹：文氓苏\r\n宣发：张婧/寂瞳/游文雅/杜钰雯\r\nOP：Loolala Music M Sdn. Bhd.\r\nSP：环球音乐版权管理集团(Universal Music Publishing CHINA)\r\n音乐制作：极韵文化&BLUE STUDIO\r\n音乐发行：极韵文化&BLUE STUDIO\r\n出品：「极韵文化」×「BLUE STUDIO」×「造音行动」\r\n（未经著作权人许可，不得翻唱翻录或使用。）\r\n上天啊\r\n难道你看不出我很爱她\r\n怎么明明相爱的两个人\r\n你要拆散他们啊\r\n上天啊\r\n你千万不要偷偷告诉她\r\n在无数夜深人静的夜晚\r\n有个人在想她\r\n以后的日子你要好好照顾她\r\n我不在她身旁你不能欺负她\r\n别再让人走进她心里\r\n最后却又离开她\r\n因为我不愿再看她流泪啦\r\n上天啊\r\n你是不是在偷偷看笑话\r\n明知我还没能力保护她\r\n让我们相遇啊\r\n上天啊\r\n她最近是否不再失眠啦\r\n愿世间温情化作一缕风\r\n代替我拥抱她\r\n以后的日子你要好好照顾她\r\n我不在她身旁你不能欺负她\r\n别再让人走进她心里\r\n最后却又离开她\r\n因为我不愿再看她流泪啦\r\n希望我的努力能够赶上她\r\n有天我能给她完整的一个家\r\n可若你安排了别人给她\r\n我会祝福她\r\n上天你别管我先让她幸福吧\r\n上天啊\r\n这些晚上我对你说的话\r\n你别不小心漏嘴告诉她\r\n我怕会吵醒她\r\n上天啊\r\n你千万不要偷偷告诉她\r\n在无数夜深人静的夜晚\r\n我依旧在想她\r\n',NULL),(26,'/img/26.png','星辰不坠落','蓝心羽','None','国语','BLUESTUDIO','2021-07-15','星辰不坠落 - 蓝心羽\r\n词：章章\r\n曲：章章\r\n编曲：Fsy小诺\r\n录音：王巍MOKA\r\n混音：王巍MOKA\r\n和音：田跃君\r\n配唱：田跃君\r\n制作人：田跃君\r\n监制：承泽训\r\n策划：文氓苏\r\n统筹：寂瞳\r\n制作发行：极韵文化&BLUE STUDIO\r\n出品人：昔米\r\n你总说\r\n月光不会躲\r\n星辰不会坠落\r\n你对我的感受\r\n一直从未被撼动\r\n风吹蓝了天空\r\n像你给的温柔\r\n我迷失其中\r\n原来这是心动\r\n时间仿佛围着你倒流\r\n没体会够你温柔\r\n带我去你的星空遨游\r\n让浪漫更紧凑\r\n潮水冲去我们\r\n留下的脚印\r\n没关系就算在\r\n一亿光年之外\r\n我也不会忘记你\r\n你总说\r\n月光不会躲\r\n星辰不会坠落\r\n你对我的感受\r\n一直从未被撼动\r\n风吹蓝了天空\r\n像你给的温柔\r\n我迷失其中\r\n原来这是心动\r\n时间仿佛围着你倒流\r\n没体会够你温柔\r\n带我去你的星空遨游\r\n让浪漫更紧凑\r\n潮水冲去我们\r\n留下的脚印\r\n没关系就算在\r\n一亿光年之外\r\n我也不会忘记你\r\n你总说\r\n月光不会躲\r\n星辰不会坠落\r\n你对我的感受\r\n一直从未被撼动\r\n风吹蓝了天空\r\n像你给的温柔\r\n我迷失其中\r\n原来这是心动\r\n你总说\r\n月光不会躲\r\n星辰不会坠落\r\n你对我的感受\r\n一直从未被撼动\r\n风吹蓝了天空\r\n像你给的温柔\r\n我迷失其中\r\n原来这是心动\r\n',NULL),(27,'/img/27.png','AsleepForever','SIENA','Pop','英语','看看月亮LOOM','2022-06-01','Asleep Forever - SIENA\r\n词Lyrics：吴恺雯\r\n曲Composition：吴恺雯\r\n编曲Arrangement：吴恺雯\r\n制作人Producer：吴恺雯\r\n人声处理Granular Vocals：Hurshi SBMS Beijing\r\n混音师Mixing Engineer：Heidi Wang\r\n母带工程师Mastering Engineer：小铭\r\nA&amp;R统筹：Xyla胡海宁\r\n视觉企划：看看月亮LOOM\r\nOP：Universal Music Publishing CHINA\r\nSP：Universal Music Publishing CHINA\r\n（未经许可,不得翻唱或使用）\r\nWhen did it even start for me\r\nI&apos;m starving baby would you come and save me\r\nWould it be crossing lines for me\r\nTo say I&apos;ve dreamed of us eating pastries\r\nCan I have you please\r\nI can&apos;t see you from the lights above when you&apos;re teleporting\r\nI can&apos;t speak cuz all the charm you cast\r\nYou drive me crazy\r\nCome and spin me around\r\nI swear it won&apos;t be long\r\nI can&apos;t think I must be dreaming must be dreaming\r\nI&apos;ll\r\nFall asleep forever\r\nI&apos;ll be greedy hush hush hush baby let&apos;s\r\nForever\r\nI&apos;ll be greedy hush hush hush baby let&apos;s\r\nFall asleep forever\r\nI&apos;ll be greedy hush hush hush baby let&apos;s\r\nForever ever and ever\r\nI&apos;ll be greedy hush hush hush baby let&apos;s\r\nSleep forever\r\nI&apos;ll be greedy hush hush hush baby let&apos;s\r\nForever ever I love you\r\nI&apos;ll be greedy hush hush hush baby let&apos;s\r\nSleep forever\r\nI&apos;ll be greedy hush hush hush baby let&apos;s\r\nForever ever and ever\r\nI&apos;ll be greedy hush hush hush\r\nHold up\r\nThis is a Monday\r\nThinking of you on my drive to work\r\nPicking up the pieces in the morning\r\nWhen I clock in\r\nClock in baby\r\nClock in\r\nClock in baby\r\nClock in\r\nClock in baby\r\nClock in\r\nIt&apos;s time to dream about me\r\nI can&apos;t see you from the lights above when you&apos;re teleporting\r\nI can&apos;t speak cuz all the charm you cast\r\nYou drive me crazy\r\nCome and spin me around\r\nI swear it won&apos;t be long\r\nI can&apos;t think I must be dreaming must be dreaming\r\nI&apos;ll\r\nFall asleep forever\r\nI&apos;ll be greedy hush hush hush baby let&apos;s\r\nForever\r\nI&apos;ll be greedy hush hush hush baby let&apos;s\r\nFall asleep forever\r\nI&apos;ll be greedy hush hush hush baby let&apos;s\r\nForever ever and ever\r\nI&apos;ll be greedy hush hush hush baby let&apos;s\r\nSleep forever\r\nI&apos;ll be greedy hush hush hush baby let&apos;s\r\nForever ever I love you\r\nI&apos;ll be greedy hush hush hush baby let&apos;s\r\nSleep forever\r\nI&apos;ll be greedy hush hush hush baby let&apos;s\r\nForever ever and ever\r\nI&apos;ll be greedy hush hush hush\r\nForever&apos;s a big word\r\nI used it on you\r\nIs that too much to ask\r\nToo much to ask\r\nI&apos;ll see you back in\r\nMy safe haven\r\nIn my own bed\r\nYou&apos;re safe and sound\r\nSleep forever\r\nForever\r\nFall asleep forever\r\nForever ever ever\r\nSleep forever yeah\r\nForever ever ever\r\nSleep forever\r\nIt&apos;s a long word to use\r\nFall asleep forever\r\nI&apos;ll be greedy hush hush hush baby let&apos;s\r\nForever\r\nI&apos;ll be greedy hush hush hush baby let&apos;s\r\nFall asleep forever\r\nI&apos;ll be greedy hush hush hush baby let&apos;s\r\nForever ever and ever\r\nI&apos;ll be greedy hush hush hush baby let&apos;s\r\nSleep forever\r\nI&apos;ll be greedy hush hush hush baby let&apos;s\r\nForever ever I love you\r\nI&apos;ll be greedy hush hush hush baby let&apos;s\r\nSleep forever\r\nI&apos;ll be greedy hush hush hush baby let&apos;s\r\nForever ever and ever\r\nI&apos;ll be greedy hush hush hush\r\n\r\n',NULL),(28,'/img/28.png','SomethingMore','沈虫虫','None','英语','西红柿文化','2019-12-06','Something More - The Tech Thieves\r\nLyrics by：Mark Emmanuel/Alia Plesa-Topham\r\nComposed by：Mark Emmanuel/Alia Plesa-Topham\r\nShut down\r\nLocked away the tears\r\nI made friends with all my fears\r\nSlowed down\r\nMore than I appear\r\nToo long too long\r\nYou played along\r\nShowed me to love\r\nI followed you out of the dark\r\nHad nothing to believe in\r\nAnd now I know there&apos;s something more\r\nShadows\r\nFollowed me around\r\nSat and watched me as I drowned\r\nLet go\r\nWaiting to be found\r\nDon&apos;t go don&apos;t go\r\nNow\r\nYou played along\r\nShowed me to love\r\nI followed you out of the dark\r\nHad nothing to believe in\r\nBut now I know there&apos;s something more\r\nSomething more\r\nHad nothing to believe in\r\nHad nothing to believe in\r\nHad nothing to believe in\r\nBut now I know there&apos;s something more\r\nYou played along\r\nShowed me to love\r\nI followed you out of the dark\r\nHad nothing to believe in\r\nAnd now I know there&apos;s something more\r\nNow I know there&apos;s something more\r\nNow I know there&apos;s something more\r\nNow I know there&apos;s something more\r\nNow I know there&apos;s something more\r\n\r\n',NULL),(29,'/img/29.png','PoisonToMe','朱紫阳JuJu','Electronica','英语','独立发行','2022-04-11','Poison To Me\r\n作词-朱紫阳JuJu\r\n编曲/和声编写-周鹏霄\r\n混音/母带-官硕\r\n作曲-朱紫阳JuJu\r\n后期处理-史晓天\r\nI wanna taste your lips\r\nSee how they are tasting like you\r\nI wanna be you\r\nSo that I know how to love you\r\nHow to comfort\r\nWoo\r\nYou are like\r\nPoison to me\r\nPouring on me\r\nWoo\r\nPoison to me\r\nPouring on me\r\nWoo\r\nWoo\r\nI know\r\nThat you belong with me\r\nThat you belong with me\r\nI wanna taste your lips\r\nSee how they are tasting like you\r\nI wanna be you\r\nSo that I know how to love you\r\nHow to comfort\r\nWoo\r\nYou are like\r\nPoison to me\r\nPouring on me\r\nWoo\r\nPoison to me\r\nPouring on me\r\nWoo\r\nWoo\r\nI know\r\nThat you belong with me\r\nThat you belong with me\r\n\r\n',NULL),(30,'/img/30.png','HowUDidThat','DirtyMoon','Pop','英语','独立发行','2021-12-22','How U Did That - Dirty Moon\r\nLyrics by：Dirty Moon\r\nComposed by：Dirty Moon\r\nArranged by：Matthew May\r\nAbout that love\r\nI don\'t know much\r\nBut I feel this time is different now\r\nAbout that love\r\nI can\'t say much\r\nBut my depression is gone now\r\nCiao to the old days\r\nMy pains already get enough\r\nHello to the nowadays\r\nThe happiness that u bring to me\r\nU bring to me\r\nWow how u did that\r\nMake me feel like a cowboy\r\nHow u did that\r\nMake me feel like I\'m not a toy\r\nHow u did that\r\nMake me feel like a cowboy\r\nHow u did that\r\nHow u did that\r\nWhen things go wrong\r\nI don\'t know where I belong\r\nWhen I find u\r\nI guess I find the place\r\nWhere I belong\r\nOnly u\r\nYeah\r\nOnly u\r\nIs the one I never wanna lose\r\nCiao to the old days\r\nMy pains already get enough\r\nHello to the nowadays\r\nThe happiness that u bring to me\r\nU bring to me\r\nWow how u did that\r\nMake me feel like a cowboy\r\nHow u did that\r\nMake me feel like I\'m not a toy\r\nHow u did that\r\nMake me feel like a cowboy\r\nHow u did that\r\nHow u did that\r\nWow how u did that\r\nMake me feel like a cowboy\r\nHow u did that\r\nMake me feel like I\'m not a toy\r\nHow u did that\r\nMake me feel like a cowboy\r\nHow u did that\r\nHow u did that\r\nWow how u did that\r\nMake me feel like a cowboy\r\nHow u did that\r\nMake me feel like I\'m not a toy\r\nHow u did that\r\nMake me feel like a cowboy\r\nHow u did that\r\nHow u did that\r\n\r\n',3),(31,'/img/31.png','HoldMeBack','NOWIS','Pop','英语','独立发行','2022-04-02','Holding Me Back - Munar/Derrick Ryan\r\nLyrics by：Derrick Ryan/Cem Munar\r\nComposed by：Derrick Ryan/Cem Munar\r\nI wanna follow where she goes\r\nI think about her and she knows it\r\nI wanna let her take control\r\n&apos;Cause everytime that she gets close yeah\r\nShe pulls me in enough to keep me guessing mmm\r\nAnd maybe I should stop and start confessing\r\nConfessing yeah\r\nOh I&apos;ve been shaking\r\nI love it when you go crazy\r\nYou take all my inhibitions\r\nBaby there&apos;s nothing holdin&apos; me back\r\nYou take me places that tear up my reputation\r\nManipulate my decisions\r\nBaby there&apos;s nothing holdin&apos; me back\r\nThere&apos;s nothing holdin&apos; me back\r\nThere&apos;s nothing holdin&apos; me back\r\nShe says that she&apos;s never afraid\r\nJust picture everybody naked\r\nShe really doesn&apos;t like to wait\r\nNot really into hesitation\r\nPulls me in enough to keep me guessing whoa\r\nAnd maybe I should stop and start confessing\r\nConfessing yeah\r\nOh I&apos;ve been shaking\r\nI love it when you go crazy\r\nYou take all my inhibitions\r\nBaby there&apos;s nothing holdin&apos; me back\r\nYou take me places that tear up my reputation\r\nManipulate my decisions\r\nBaby there&apos;s nothing holdin&apos; me back\r\nThere&apos;s nothing holdin&apos; me back\r\nBaby there&apos;s nothing holdin&apos; me back\r\nOh I&apos;ve been shaking\r\nI love it when you go crazy\r\nYou take all my inhibitions\r\nBaby there&apos;s nothing holdin&apos; me back\r\nYou take me places that tear up my reputation\r\nManipulate my decisions\r\nBaby there&apos;s nothing holdin&apos; me back',NULL);
/*!40000 ALTER TABLE `music` ENABLE KEYS */;
UNLOCK TABLES;

--
-- Table structure for table `user`
--

DROP TABLE IF EXISTS `user`;
/*!40101 SET @saved_cs_client     = @@character_set_client */;
/*!40101 SET character_set_client = utf8 */;
CREATE TABLE `user` (
  `uid` int(11) NOT NULL AUTO_INCREMENT,
  `phone` int(11) DEFAULT NULL,
  `passwd` varchar(20) DEFAULT NULL,
  `username` varchar(20) DEFAULT NULL,
  `icon` varchar(20) DEFAULT NULL,
  `addr` varchar(20) DEFAULT NULL,
  `sign` text,
  `state` varchar(1) DEFAULT NULL,
  PRIMARY KEY (`uid`)
) ENGINE=InnoDB AUTO_INCREMENT=28 DEFAULT CHARSET=utf8;
/*!40101 SET character_set_client = @saved_cs_client */;

--
-- Dumping data for table `user`
--

LOCK TABLES `user` WRITE;
/*!40000 ALTER TABLE `user` DISABLE KEYS */;
INSERT INTO `user` VALUES (12,1351336703,'1','nnbw1',NULL,'武汉.','课设！','1'),(13,135133670,'1','nnbw234','/img/null.jpg','da...54','das54','1'),(14,187556,'123456','tttt','/img/null.jpg','湖北武汉','爱音乐，爱生活','1'),(15,135133,'1','nnbw','/img/null.jpg','还没填写呢...','还没填写呢...','0'),(16,1,'1','1','/img/null.jpg','还没填写呢...','还没填写呢...','0'),(17,15,'1','1','/img/null.jpg','还没填写呢...','还没填写呢...','0'),(18,789,'1','1','/img/null.jpg','还没填写呢...','还没填写呢...','0'),(19,545,'1','1','/img/null.jpg','还没填写呢...','还没填写呢...','0'),(20,3,'1','1','/img/null.jpg','还没填写呢...','还没填写呢...','0'),(21,1223,'1','15','/img/null.jpg','还没填写呢...','还没填写呢...',NULL),(22,12,'1','121','/img/null.jpg','还没填写呢...','还没填写呢...','0'),(23,138888,'123456','小安','/img/null.jpg','还没填写呢...','还没填写呢...',NULL),(24,13513322,'1','nnbw','/img/null.jpg','还没填写呢...54','还没填写呢...54',NULL),(25,187666,'123456','jx','/img/null.jpg','湖北武汉','爱音乐，爱生活',NULL),(26,187999,'123456','zyl','/img/null.jpg','湖北武汉','爱生活，爱音乐',NULL),(27,1351332265,'1','nnbw','/img/null.jpg','还没填写呢...','还没填写呢...',NULL);
/*!40000 ALTER TABLE `user` ENABLE KEYS */;
UNLOCK TABLES;
/*!40103 SET TIME_ZONE=@OLD_TIME_ZONE */;

/*!40101 SET SQL_MODE=@OLD_SQL_MODE */;
/*!40014 SET FOREIGN_KEY_CHECKS=@OLD_FOREIGN_KEY_CHECKS */;
/*!40014 SET UNIQUE_CHECKS=@OLD_UNIQUE_CHECKS */;
/*!40101 SET CHARACTER_SET_CLIENT=@OLD_CHARACTER_SET_CLIENT */;
/*!40101 SET CHARACTER_SET_RESULTS=@OLD_CHARACTER_SET_RESULTS */;
/*!40101 SET COLLATION_CONNECTION=@OLD_COLLATION_CONNECTION */;
/*!40111 SET SQL_NOTES=@OLD_SQL_NOTES */;

-- Dump completed on 2022-07-09 21:35:59
